﻿<?xml version="1.0"?>
<doc>
<assembly>
<name>
LibrarySystem
</name>
</assembly>
<members>
<member name="T:LibrarySystem.My.Resources.Resources">
<summary>
  A strongly-typed resource class, for looking up localized strings, etc.
</summary>
</member>
<member name="P:LibrarySystem.My.Resources.Resources.ResourceManager">
<summary>
  Returns the cached ResourceManager instance used by this class.
</summary>
</member>
<member name="P:LibrarySystem.My.Resources.Resources.Culture">
<summary>
  Overrides the current thread's CurrentUICulture property for all
  resource lookups using this strongly typed resource class.
</summary>
</member>
<member name="P:LibrarySystem.My.Resources.Resources._0zuld2">
<summary>
  Looks up a localized resource of type System.Drawing.Bitmap.
</summary>
</member>
<member name="P:LibrarySystem.My.Resources.Resources._0zuld2__2_">
<summary>
  Looks up a localized resource of type System.Drawing.Bitmap.
</summary>
</member>
<member name="P:LibrarySystem.My.Resources.Resources._0zuld2__3_">
<summary>
  Looks up a localized resource of type System.Drawing.Bitmap.
</summary>
</member>
<member name="P:LibrarySystem.My.Resources.Resources._0zuld2__4_">
<summary>
  Looks up a localized resource of type System.Drawing.Bitmap.
</summary>
</member>
<member name="P:LibrarySystem.My.Resources.Resources.bg11">
<summary>
  Looks up a localized resource of type System.Drawing.Bitmap.
</summary>
</member>
<member name="P:LibrarySystem.My.Resources.Resources.Book_Return_sc">
<summary>
  Looks up a localized resource of type System.Drawing.Bitmap.
</summary>
</member>
<member name="P:LibrarySystem.My.Resources.Resources.books_glasses_table_library">
<summary>
  Looks up a localized resource of type System.Drawing.Bitmap.
</summary>
</member>
<member name="P:LibrarySystem.My.Resources.Resources.borrow">
<summary>
  Looks up a localized resource of type System.Drawing.Bitmap.
</summary>
</member>
<member name="P:LibrarySystem.My.Resources.Resources.home">
<summary>
  Looks up a localized resource of type System.Drawing.Bitmap.
</summary>
</member>
<member name="P:LibrarySystem.My.Resources.Resources.new_book_sc">
<summary>
  Looks up a localized resource of type System.Drawing.Bitmap.
</summary>
</member>
<member name="P:LibrarySystem.My.Resources.Resources.pngguru_com__1_">
<summary>
  Looks up a localized resource of type System.Drawing.Bitmap.
</summary>
</member>
<member name="P:LibrarySystem.My.Resources.Resources.pngguru_com__5_">
<summary>
  Looks up a localized resource of type System.Drawing.Bitmap.
</summary>
</member>
<member name="P:LibrarySystem.My.Resources.Resources.Search_book_sc">
<summary>
  Looks up a localized resource of type System.Drawing.Bitmap.
</summary>
</member>
<member name="P:LibrarySystem.My.Resources.Resources.system_icon">
<summary>
  Looks up a localized resource of type System.Drawing.Icon similar to (Icon).
</summary>
</member>
<member name="T:LibrarySystem.LibraryDataSet">
<summary>
Represents a strongly typed in-memory cache of data.
</summary>
</member>
<member name="T:LibrarySystem.LibraryDataSet.BookDataTable">
<summary>
Represents the strongly named DataTable class.
</summary>
</member>
<member name="T:LibrarySystem.LibraryDataSet.BookRow">
<summary>
Represents strongly named DataRow class.
</summary>
</member>
<member name="T:LibrarySystem.LibraryDataSet.BookRowChangeEvent">
<summary>
Row event argument class
</summary>
</member>
<member name="T:LibrarySystem.LibraryDataSetTableAdapters.BookTableAdapter">
<summary>
Represents the connection and commands used to retrieve and save data.
</summary>
</member>
<member name="T:LibrarySystem.LibraryDataSetTableAdapters.TableAdapterManager">
<summary>
TableAdapterManager is used to coordinate TableAdapters in the dataset to enable Hierarchical Update scenarios
</summary>
</member>
<member name="M:LibrarySystem.LibraryDataSetTableAdapters.TableAdapterManager.UpdateUpdatedRows(LibrarySystem.LibraryDataSet,System.Collections.Generic.List{System.Data.DataRow},System.Collections.Generic.List{System.Data.DataRow})">
<summary>
Update rows in top-down order.
</summary>
</member>
<member name="M:LibrarySystem.LibraryDataSetTableAdapters.TableAdapterManager.UpdateInsertedRows(LibrarySystem.LibraryDataSet,System.Collections.Generic.List{System.Data.DataRow})">
<summary>
Insert rows in top-down order.
</summary>
</member>
<member name="M:LibrarySystem.LibraryDataSetTableAdapters.TableAdapterManager.UpdateDeletedRows(LibrarySystem.LibraryDataSet,System.Collections.Generic.List{System.Data.DataRow})">
<summary>
Delete rows in bottom-up order.
</summary>
</member>
<member name="M:LibrarySystem.LibraryDataSetTableAdapters.TableAdapterManager.GetRealUpdatedRows(System.Data.DataRow[],System.Collections.Generic.List{System.Data.DataRow})">
<summary>
Remove inserted rows that become updated rows after calling TableAdapter.Update(inserted rows) first
</summary>
</member>
<member name="M:LibrarySystem.LibraryDataSetTableAdapters.TableAdapterManager.UpdateAll(LibrarySystem.LibraryDataSet)">
<summary>
Update all changes to the dataset.
</summary>
</member>
<member name="T:LibrarySystem.LibraryDataSetTableAdapters.TableAdapterManager.UpdateOrderOption">
<summary>
Update Order Option
</summary>
</member>
<member name="T:LibrarySystem.LibraryDataSetTableAdapters.TableAdapterManager.SelfReferenceComparer">
<summary>
Used to sort self-referenced table's rows
</summary>
</member>
<member name="T:LibrarySystem.LibraryDataSet1">
<summary>
Represents a strongly typed in-memory cache of data.
</summary>
</member>
<member name="T:LibrarySystem.LibraryDataSet1.BookDataTable">
<summary>
Represents the strongly named DataTable class.
</summary>
</member>
<member name="T:LibrarySystem.LibraryDataSet1.BorrowDataTable">
<summary>
Represents the strongly named DataTable class.
</summary>
</member>
<member name="T:LibrarySystem.LibraryDataSet1.MemberDataTable">
<summary>
Represents the strongly named DataTable class.
</summary>
</member>
<member name="T:LibrarySystem.LibraryDataSet1.BookRow">
<summary>
Represents strongly named DataRow class.
</summary>
</member>
<member name="T:LibrarySystem.LibraryDataSet1.BorrowRow">
<summary>
Represents strongly named DataRow class.
</summary>
</member>
<member name="T:LibrarySystem.LibraryDataSet1.MemberRow">
<summary>
Represents strongly named DataRow class.
</summary>
</member>
<member name="T:LibrarySystem.LibraryDataSet1.BookRowChangeEvent">
<summary>
Row event argument class
</summary>
</member>
<member name="T:LibrarySystem.LibraryDataSet1.BorrowRowChangeEvent">
<summary>
Row event argument class
</summary>
</member>
<member name="T:LibrarySystem.LibraryDataSet1.MemberRowChangeEvent">
<summary>
Row event argument class
</summary>
</member>
<member name="T:LibrarySystem.LibraryDataSet1TableAdapters.BookTableAdapter">
<summary>
Represents the connection and commands used to retrieve and save data.
</summary>
</member>
<member name="T:LibrarySystem.LibraryDataSet1TableAdapters.BorrowTableAdapter">
<summary>
Represents the connection and commands used to retrieve and save data.
</summary>
</member>
<member name="T:LibrarySystem.LibraryDataSet1TableAdapters.MemberTableAdapter">
<summary>
Represents the connection and commands used to retrieve and save data.
</summary>
</member>
<member name="T:LibrarySystem.LibraryDataSet1TableAdapters.TableAdapterManager">
<summary>
TableAdapterManager is used to coordinate TableAdapters in the dataset to enable Hierarchical Update scenarios
</summary>
</member>
<member name="M:LibrarySystem.LibraryDataSet1TableAdapters.TableAdapterManager.UpdateUpdatedRows(LibrarySystem.LibraryDataSet1,System.Collections.Generic.List{System.Data.DataRow},System.Collections.Generic.List{System.Data.DataRow})">
<summary>
Update rows in top-down order.
</summary>
</member>
<member name="M:LibrarySystem.LibraryDataSet1TableAdapters.TableAdapterManager.UpdateInsertedRows(LibrarySystem.LibraryDataSet1,System.Collections.Generic.List{System.Data.DataRow})">
<summary>
Insert rows in top-down order.
</summary>
</member>
<member name="M:LibrarySystem.LibraryDataSet1TableAdapters.TableAdapterManager.UpdateDeletedRows(LibrarySystem.LibraryDataSet1,System.Collections.Generic.List{System.Data.DataRow})">
<summary>
Delete rows in bottom-up order.
</summary>
</member>
<member name="M:LibrarySystem.LibraryDataSet1TableAdapters.TableAdapterManager.GetRealUpdatedRows(System.Data.DataRow[],System.Collections.Generic.List{System.Data.DataRow})">
<summary>
Remove inserted rows that become updated rows after calling TableAdapter.Update(inserted rows) first
</summary>
</member>
<member name="M:LibrarySystem.LibraryDataSet1TableAdapters.TableAdapterManager.UpdateAll(LibrarySystem.LibraryDataSet1)">
<summary>
Update all changes to the dataset.
</summary>
</member>
<member name="T:LibrarySystem.LibraryDataSet1TableAdapters.TableAdapterManager.UpdateOrderOption">
<summary>
Update Order Option
</summary>
</member>
<member name="T:LibrarySystem.LibraryDataSet1TableAdapters.TableAdapterManager.SelfReferenceComparer">
<summary>
Used to sort self-referenced table's rows
</summary>
</member>
</members>
</doc>
