﻿<?xml version="1.0"?>
<doc>
<assembly>
<name>
LibrarySystem
</name>
</assembly>
<members>
<member name="T:LibrarySystem.My.Resources.Resources">
<summary>
  A strongly-typed resource class, for looking up localized strings, etc.
</summary>
</member>
<member name="P:LibrarySystem.My.Resources.Resources.ResourceManager">
<summary>
  Returns the cached ResourceManager instance used by this class.
</summary>
</member>
<member name="P:LibrarySystem.My.Resources.Resources.Culture">
<summary>
  Overrides the current thread's CurrentUICulture property for all
  resource lookups using this strongly typed resource class.
</summary>
</member>
<member name="P:LibrarySystem.My.Resources.Resources._0zuld2">
<summary>
  Looks up a localized resource of type System.Drawing.Bitmap.
</summary>
</member>
<member name="P:LibrarySystem.My.Resources.Resources._0zuld2__2_">
<summary>
  Looks up a localized resource of type System.Drawing.Bitmap.
</summary>
</member>
<member name="P:LibrarySystem.My.Resources.Resources._0zuld2__3_">
<summary>
  Looks up a localized resource of type System.Drawing.Bitmap.
</summary>
</member>
<member name="P:LibrarySystem.My.Resources.Resources._0zuld2__4_">
<summary>
  Looks up a localized resource of type System.Drawing.Bitmap.
</summary>
</member>
<member name="P:LibrarySystem.My.Resources.Resources.bg11">
<summary>
  Looks up a localized resource of type System.Drawing.Bitmap.
</summary>
</member>
<member name="P:LibrarySystem.My.Resources.Resources.books_glasses_table_library">
<summary>
  Looks up a localized resource of type System.Drawing.Bitmap.
</summary>
</member>
<member name="P:LibrarySystem.My.Resources.Resources.borrow">
<summary>
  Looks up a localized resource of type System.Drawing.Bitmap.
</summary>
</member>
<member name="P:LibrarySystem.My.Resources.Resources.home">
<summary>
  Looks up a localized resource of type System.Drawing.Bitmap.
</summary>
</member>
<member name="P:LibrarySystem.My.Resources.Resources.pngguru_com__1_">
<summary>
  Looks up a localized resource of type System.Drawing.Bitmap.
</summary>
</member>
<member name="P:LibrarySystem.My.Resources.Resources.pngguru_com__5_">
<summary>
  Looks up a localized resource of type System.Drawing.Bitmap.
</summary>
</member>
</members>
</doc>
